{"learning_rate": 0.010089167296332751, "depth": 4, "l2_leaf_reg": 0.1840315174464475, "bagging_temperature": 0.001199270364619559, "border_count": 116, "min_data_in_leaf": 13, "random_strength": 7.241338167526905}