quantile_loss,mae,mape,bias,pct_subestimado
434.7328983223134,889.7655041385109,0.4010153692925967,33.832845823140325,0.2440944881889764
