quantile_loss,mae,mape,bias,pct_subestimado
433.70181329548154,808.8038056841001,0.3267658294200387,-97.66636817810506,0.2440944881889764
