quantile_loss,mae,mape,bias,pct_subestimado
430.4155389610467,828.6807810911522,0.3140408742214094,-53.58382805156855,0.2283464566929134
